id,first_name,last_name,role,jobs
pro_9ff5524f64df4ed9be40f5ef8b7b9c5f,Tanya,Sawyer,field tech,502
pro_80c0a49656f34f89850602d4604b7e51,Felix,Fitzgerald,field tech,340
pro_35ffc30cadcf4316a877c1ac2e49d419,Yvonne,Aguilar,field tech,290
pro_e47b517ed8144a708c94733cbb7ccf85,Alina,Farrell,admin,260
pro_36825690194e4c499c7ca0b0aa6bd3b7,Sidney,Gutierrez,field tech,171
pro_0065951c054a4aa49835cd204d872e94,Audrey,Farrell,admin,145
pro_f936c609f2944d67908096ad47f68bf2,Tobias,McGuire,field tech,129
pro_af0f58ca15174aaf854ec1360dd46a31,Zoe,Hoffman,admin,120
pro_d1c82b459bd84470a728f70b0cd9356c,Theo,Graves,field tech,98
pro_17a97ab6b56941b797cdf60e9726a297,Esther,Brennan,field tech,94
pro_67eb7ff89af445a68d967e7de76e0196,Tamara,Porter,field tech,73
pro_30246c5d1daa45bcb7e0cba5e3fa2c4a,Vincent,Delaney,field tech,65
pro_a53cfc1e22444689bbca00a1452c41db,Gerald,Howe,field tech,62
pro_ad4cde910e504e7d9c62c7806d001fa7,Ray,Delgado,admin,43
pro_5e8d8be9002a4c068caf160939636fba,Selena,Hayes,field tech,40
pro_ae27d637e5db4e0da851d9c298e096ec,Harper,Cortez,field tech,36
pro_e65011af74da4d45af18b664dfa4c060,Logan,McDaniel,admin,31
pro_382884f441bf4c4ea44e66cdf900b82b,Andre,Nolan,admin,16
pro_5158350169fd476ba30b158c9b4c2b65,Harvey,Horton,field tech,10
pro_04b9bdfb6409494e95d88e381baf5b71,Elise,Gilbert,field tech,8
pro_04fad257c8ad452194b0d933f3ea0c41,Emily,Hanson,field tech,8
pro_11d5d0c713334f2cbb2ee822abb8e200,Team,Phone,office staff,5
pro_c99712cf82834dbe97be01fb2709fac2,Sonia,Hess,office staff,5
